{"cameraMode":{"drawMode":0,"name":"Shaded","section":"Shading Mode"},"sceneLighting":false,"audioPlay":false,"sceneViewState":{"m_AlwaysRefresh":false,"showFog":true,"showSkybox":false,"showFlares":true,"showImageEffects":true,"showParticleSystems":true,"showVisualEffectGraphs":true,"m_FxEnabled":true},"in2DMode":false,"pivot":{"x":14.483160018920899,"y":1.018544316291809,"z":-0.027056239545345308},"rotation":{"x":-0.08190032839775086,"y":-0.6093494892120361,"z":0.06348345428705216,"w":-0.7861077189445496},"size":1.3837664127349854,"orthographic":false}